Bus ID,Vehicle Idenfication Number,Registration Number,Plate Number,Year,Make,Chassis,Registration Expiration Date
LB107,4UZADSFD8LCMG4484W,R32510898371,427xtl,2020,FREIGHTLINER,CAB-CHASSIS,4/20/2022
LB114,4UZADSFD8LCMG4414W,R32510898311,427xql,2020,FREIGHTLINER,CAB-CHASSIS,4/20/2022
LB115,4UZADSFD8LCMG4444W,R32510898312,427xtl,2020,FREIGHTLINER,CAB-CHASSIS,4/20/2022
LB127,4UZADSFD8LCMG4324W,R32510898313,427xtl,2020,FREIGHTLINER,CAB-CHASSIS,4/20/2022
LB138,4UZADSFD8LCMG4321W,R32510898342,427xsl,2020,FREIGHTLINER,CAB-CHASSIS,4/20/2022
LB141,4UZADSFD1LCMG4486W,R27062122672,063hye,2020,FREIGHTLINER,CAB-CHASSIS,4/20/2022
LB143,4UZADSFD1LCMG4481W,R27062122673,063hxe,2020,FREIGHTLINER,CAB-CHASSIS,4/20/2022
LB145,4UZADSFD1LCMG4483W,R27062122621,064hxe,2020,FREIGHTLINER,CAB-CHASSIS,4/20/2022
LB154,4UZADSFD1LCMG4451W,R27062122629,064gse,2020,FREIGHTLINER,CAB-CHASSIS,4/20/2022
LB155,4UZADSFD1LCMG4422W,R27062122641,065sse,2020,FREIGHTLINER,CAB-CHASSIS,4/20/2022
LB159,4UZADSFD1LCMG4425W,R27062122441,015sfe,2020,FREIGHTLINER,CAB-CHASSIS,4/20/2022
LB163,1FDGF5GY0JEB44069W,R35783308641,223eah,2018,FORD,SINGLE CAB-CHASSIS,4/20/2022
LB182,1GB0G2BA0E1192748,R44721287804,008pbe,2014,CHEVROLET,CUTAWAY,4/20/2022
LB183,1GB0G2BA0E1192745,R44721287804,008pbe,2014,CHEVROLET,CUTAWAY,4/20/2022
LB189,1GB0G2BA0E1192715,R44721287803,038pce,2014,CHEVROLET,CUTAWAY,4/20/2022
LB192,1GB0G2BA0E1192716,R44721287802,018pde,2014,CHEVROLET,CUTAWAY,4/20/2022
LB195,1GB0G2BA0E1192717,R44721287801,108pfe,2014,CHEVROLET,CUTAWAY,4/20/2022
LB196,1GB0G2BA0E1192718,R44721287806,018pae,2014,CHEVROLET,CUTAWAY,4/20/2022
LB199,1GB3G2BG7F1231337,R62234174185,194bcb,2018,FORD,SINGLE CAB-CHASSIS,4/20/2022
LB201,1GB3G2BG7F1231127,R62234174145,194bab,2018,FORD,SINGLE CAB-CHASSIS,4/20/2022
LB208,1GB3G2BG7F1231137,R62234174155,194bbb,2018,FORD,SINGLE CAB-CHASSIS,4/20/2022
LB211,1GB3G2BG7F1231147,R62234174165,194bdb,2018,FORD,SINGLE CAB-CHASSIS,4/20/2022
LB213,1FDXE4FS5EDB00042,R76190067638,263xgx,2014,FORD,CAB-CHASSIS,4/20/2022
LB217,1FDXE4FS5EDB00032,R76190067634,263xax,2014,FORD,CAB-CHASSIS,4/20/2022
LB221,1FDXE4FS6GDC09466,R78833928790,543ulh,2016,FORD,CAB-CHASSIS,4/20/2022
LB224,2C4RDGBG0HR798421,R76669601293,689qep,2017,DODGE,SPORTS VAN,4/20/2022
LB227,2C4RDGBG0HR798421,R76669605293,688qep,2017,DODGE,SPORTS VAN,4/20/2022
LB230,2C4RDGBG0HR798422,R76669605283,687qep,2017,DODGE,SPORTS VAN,4/20/2022
LB235,2C4RDGBG0HR798423,R76669605273,686qep,2017,DODGE,SPORTS VAN,4/20/2022
LB242,2C4RDGBG0HR798424,R76669605263,685qep,2017,DODGE,SPORTS VAN,4/20/2022
LB244,2C4RDGBG0HR798425,R76669605253,684qep,2017,DODGE,SPORTS VAN,4/20/2022
LB245,2C4RDGBG0HR798426,R76669605243,683qep,2017,DODGE,SPORTS VAN,4/20/2022
LB249,2C4RDGBG0HR798427,R76669605233,682qep,2017,DODGE,SPORTS VAN,4/20/2022
LB252,2C4RDGBG0HR798428,R76669605223,681qep,2017,DODGE,SPORTS VAN,4/20/2022
LB265,2C4RDGBG0HR798429,R76669605213,680qep,2017,DODGE,SPORTS VAN,4/20/2022
LB273,2C4RDGBG3HR869899,R5738037246,173dcj,2017,DODGE,SPORTS VAN,4/20/2022
LB281,2C4RDGBG3HR869899,R5738037245,174dcj,2017,DODGE,SPORTS VAN,4/20/2022
LB283,2C4RDGBG3HR869898,R5738037244,175dcj,2017,DODGE,SPORTS VAN,4/20/2022
LB286,2C4RDGBG3HR869897,R5738037243,176dcj,2017,DODGE,SPORTS VAN,4/20/2022
LB293,2C4RDGBG0HR798421,R9925874874,578wdg,2017,DODGE,SPORTS VAN,4/20/2022
LB294,2C4RDGBG0HR798422,R9925874873,577wdg,2017,DODGE,SPORTS VAN,4/20/2022
LB299,2C4RDGBG3HR702054,R7631849233,563bkt,2017,DODGE,SPORTS VAN,4/20/2022
LB311,4UZADSFD8LCMG4484W,R32510898371,427xtl,2015.802555,FREIGHTLINER,CAB-CHASSIS,4/20/2022
LB314,4UZADSFD8LCMG4414W,R32510898311,427xql,2015.732464,FREIGHTLINER,CAB-CHASSIS,4/20/2022
LB316,4UZADSFD8LCMG4444W,R32510898312,427xtl,2015.662372,FREIGHTLINER,CAB-CHASSIS,4/20/2022
LB320,4UZADSFD8LCMG4324W,R32510898313,427xtl,2015.59228,FREIGHTLINER,CAB-CHASSIS,4/20/2022
LB327,4UZADSFD8LCMG4321W,R32510898342,427xsl,2015.522189,FREIGHTLINER,CAB-CHASSIS,4/20/2022
LB337,4UZADSFD1LCMG4486W,R27062122672,063hye,2015.452097,FREIGHTLINER,CAB-CHASSIS,4/20/2022
LB338,4UZADSFD1LCMG4481W,R27062122673,063hxe,2015.382006,FREIGHTLINER,CAB-CHASSIS,4/20/2022
LB339,4UZADSFD1LCMG4483W,R27062122621,064hxe,2015.311914,FREIGHTLINER,CAB-CHASSIS,4/20/2022
LB341,4UZADSFD1LCMG4451W,R27062122629,064gse,2015.241823,FREIGHTLINER,CAB-CHASSIS,4/20/2022
LB346,4UZADSFD1LCMG4422W,R27062122641,065sse,2015.171731,FREIGHTLINER,CAB-CHASSIS,4/20/2022
LB349,4UZADSFD1LCMG4425W,R27062122441,015sfe,2015.10164,FREIGHTLINER,CAB-CHASSIS,4/20/2022
LB355,1FDGF5GY0JEB44069W,R35783308641,223eah,2015.031548,FORD,SINGLE CAB-CHASSIS,4/20/2022
LB359,1GB0G2BA0E1192748,R44721287804,008pbe,2014.961456,CHEVROLET,CUTAWAY,4/20/2022
LB363,1GB0G2BA0E1192745,R44721287804,008pbe,2014.891365,CHEVROLET,CUTAWAY,4/20/2022
LB367,1GB0G2BA0E1192715,R44721287803,038pce,2014.821273,CHEVROLET,CUTAWAY,4/20/2022
LB371,1GB0G2BA0E1192716,R44721287802,018pde,2014.751182,CHEVROLET,CUTAWAY,4/20/2022
LB376,1GB0G2BA0E1192717,R44721287801,108pfe,2014.68109,CHEVROLET,CUTAWAY,4/20/2022
LB384,1GB0G2BA0E1192718,R44721287806,018pae,2014.610999,CHEVROLET,CUTAWAY,4/20/2022
LB389,1GB3G2BG7F1231337,R62234174185,194bcb,2014.540907,FORD,SINGLE CAB-CHASSIS,4/20/2022
LB390,1GB3G2BG7F1231127,R62234174145,194bab,2014.470815,FORD,SINGLE CAB-CHASSIS,4/20/2022
LB396,1GB3G2BG7F1231137,R62234174155,194bbb,2014.400724,FORD,SINGLE CAB-CHASSIS,4/20/2022
LB397,1GB3G2BG7F1231147,R62234174165,194bdb,2014.330632,FORD,SINGLE CAB-CHASSIS,4/20/2022
LB403,1FDXE4FS5EDB00022,R76190067638,263xgx,2014.260541,FORD,CAB-CHASSIS,4/20/2022
LB405,1FDXE4FS5EDB00012,R76190067634,263xax,2014.190449,FORD,CAB-CHASSIS,4/20/2022
LB407,1FDXE4FS6GDC09467,R78833928790,543ulh,2014.120358,FORD,CAB-CHASSIS,4/20/2022
LB412,2C4RDGBG0HR798421,R76669601293,689qep,2014.050266,DODGE,SPORTS VAN,4/20/2022
LB413,2C4RDGBG0HR798421,R76669605293,688qep,2013.980174,DODGE,SPORTS VAN,4/20/2022
LB415,2C4RDGBG0HR798422,R76669605283,687qep,2013.910083,DODGE,SPORTS VAN,4/20/2022
LB420,2C4RDGBG0HR798423,R76669605273,686qep,2013.839991,DODGE,SPORTS VAN,4/20/2022
LB423,2C4RDGBG0HR798424,R76669605263,685qep,2013.7699,DODGE,SPORTS VAN,4/20/2022
LB425,2C4RDGBG0HR798425,R76669605253,684qep,2013.699808,DODGE,SPORTS VAN,4/20/2022
LB426,2C4RDGBG0HR798426,R76669605243,683qep,2013.629717,DODGE,SPORTS VAN,4/20/2022
LB443,2C4RDGBG0HR798427,R76669605233,682qep,2013.559625,DODGE,SPORTS VAN,4/20/2022
LB447,2C4RDGBG0HR798428,R76669605223,681qep,2013.489534,DODGE,SPORTS VAN,4/20/2022
LB448,2C4RDGBG0HR798429,R76669605213,680qep,2013.419442,DODGE,SPORTS VAN,4/20/2022
LB455,2C4RDGBG3HR869899,R5738037246,173dcj,2013.34935,DODGE,SPORTS VAN,4/20/2022
LB456,2C4RDGBG3HR869899,R5738037245,174dcj,2013.279259,DODGE,SPORTS VAN,4/20/2022
LB461,2C4RDGBG3HR869898,R5738037244,175dcj,2013.209167,DODGE,SPORTS VAN,4/20/2022
LB473,2C4RDGBG3HR869897,R5738037243,176dcj,2013.139076,DODGE,SPORTS VAN,4/20/2022
LB476,2C4RDGBG0HR798423,R9925874874,578wdg,2013.068984,DODGE,SPORTS VAN,4/20/2022
LB477,2C4RDGBG0HR798424,R9925874873,577wdg,2012.998893,DODGE,SPORTS VAN,4/20/2022
LB481,2C4RDGBG3HR702055,R7631849233,563bkt,2012.928801,DODGE,SPORTS VAN,4/20/2022
LB485,4UZADSFD8LCMG4484W,R32510898371,427xtl,2012.858709,FREIGHTLINER,CAB-CHASSIS,4/20/2022
LB487,4UZADSFD8LCMG4414W,R32510898311,427xql,2012.788618,FREIGHTLINER,CAB-CHASSIS,4/20/2022
LB488,4UZADSFD8LCMG4444W,R32510898312,427xtl,2012.718526,FREIGHTLINER,CAB-CHASSIS,4/20/2022
LB491,4UZADSFD8LCMG4324W,R32510898313,427xtl,2012.648435,FREIGHTLINER,CAB-CHASSIS,4/20/2022
LB493,4UZADSFD8LCMG4321W,R32510898342,427xsl,2012.578343,FREIGHTLINER,CAB-CHASSIS,4/20/2022
LB507,4UZADSFD1LCMG4486W,R27062122672,063hye,2012.508252,FREIGHTLINER,CAB-CHASSIS,4/20/2022
LB508,4UZADSFD1LCMG4481W,R27062122673,063hxe,2012.43816,FREIGHTLINER,CAB-CHASSIS,4/20/2022
LB516,4UZADSFD1LCMG4483W,R27062122621,064hxe,2012.368068,FREIGHTLINER,CAB-CHASSIS,4/20/2022
LB518,4UZADSFD1LCMG4451W,R27062122629,064gse,2012.297977,FREIGHTLINER,CAB-CHASSIS,4/20/2022
LB520,4UZADSFD1LCMG4422W,R27062122641,065sse,2012.227885,FREIGHTLINER,CAB-CHASSIS,4/20/2022
LB521,4UZADSFD1LCMG4425W,R27062122441,015sfe,2012.157794,FREIGHTLINER,CAB-CHASSIS,4/20/2022
LB523,1FDGF5GY0JEB44069W,R35783308641,223eah,2012.087702,FORD,SINGLE CAB-CHASSIS,4/20/2022
LB530,1GB0G2BA0E1192748,R44721287804,008pbe,2012.017611,CHEVROLET,CUTAWAY,4/20/2022
LB540,1GB0G2BA0E1192745,R44721287804,008pbe,2011.947519,CHEVROLET,CUTAWAY,4/20/2022
LB542,1GB0G2BA0E1192715,R44721287803,038pce,2011.877428,CHEVROLET,CUTAWAY,4/20/2022
LB545,1GB0G2BA0E1192716,R44721287802,018pde,2011.807336,CHEVROLET,CUTAWAY,4/20/2022
LB550,1GB0G2BA0E1192717,R44721287801,108pfe,2011.737244,CHEVROLET,CUTAWAY,4/20/2022
LB553,1GB0G2BA0E1192718,R44721287806,018pae,2011.667153,CHEVROLET,CUTAWAY,4/20/2022
LB558,1GB3G2BG7F1231337,R62234174185,194bcb,2011.597061,FORD,SINGLE CAB-CHASSIS,4/20/2022
LB564,1GB3G2BG7F1231127,R62234174145,194bab,2011.52697,FORD,SINGLE CAB-CHASSIS,4/20/2022
LB566,1GB3G2BG7F1231137,R62234174155,194bbb,2011.456878,FORD,SINGLE CAB-CHASSIS,4/20/2022
LB571,1GB3G2BG7F1231147,R62234174165,194bdb,2011.386787,FORD,SINGLE CAB-CHASSIS,4/20/2022
LB573,1FDXE4FS5EDB00002,R76190067638,263xgx,2011.316695,FORD,CAB-CHASSIS,4/20/2022
LB574,1FDXE4FS5EDB00008,R76190067634,263xax,2011.246603,FORD,CAB-CHASSIS,4/20/2022
LB575,1FDXE4FS6GDC09468,R78833928790,543ulh,2011.176512,FORD,CAB-CHASSIS,4/20/2022
LB584,2C4RDGBG0HR798421,R76669601293,689qep,2011.10642,DODGE,SPORTS VAN,4/20/2022
LB593,2C4RDGBG0HR798421,R76669605293,688qep,2011.036329,DODGE,SPORTS VAN,4/20/2022
LB594,2C4RDGBG0HR798422,R76669605283,687qep,2010.966237,DODGE,SPORTS VAN,4/20/2022
LB595,2C4RDGBG0HR798423,R76669605273,686qep,2010.896146,DODGE,SPORTS VAN,4/20/2022
LB599,2C4RDGBG0HR798424,R76669605263,685qep,2010.826054,DODGE,SPORTS VAN,4/20/2022
LB602,2C4RDGBG0HR798425,R76669605253,684qep,2010.755963,DODGE,SPORTS VAN,4/20/2022
LB605,2C4RDGBG0HR798426,R76669605243,683qep,2010.685871,DODGE,SPORTS VAN,4/20/2022
LB607,2C4RDGBG0HR798427,R76669605233,682qep,2010.615779,DODGE,SPORTS VAN,4/20/2022
LB609,2C4RDGBG0HR798428,R76669605223,681qep,2010.545688,DODGE,SPORTS VAN,4/20/2022
LB611,2C4RDGBG0HR798429,R76669605213,680qep,2010.475596,DODGE,SPORTS VAN,4/20/2022
LB614,2C4RDGBG3HR869899,R5738037246,173dcj,2010.405505,DODGE,SPORTS VAN,4/20/2022
LB618,2C4RDGBG3HR869899,R5738037245,174dcj,2010.335413,DODGE,SPORTS VAN,4/20/2022
LB627,2C4RDGBG3HR869898,R5738037244,175dcj,2010.265322,DODGE,SPORTS VAN,4/20/2022
LB628,2C4RDGBG3HR869897,R5738037243,176dcj,2010.19523,DODGE,SPORTS VAN,4/20/2022
LB630,2C4RDGBG0HR798425,R9925874874,578wdg,2010.125138,DODGE,SPORTS VAN,4/20/2022
LB632,2C4RDGBG0HR798426,R9925874873,577wdg,2010.055047,DODGE,SPORTS VAN,4/20/2022
LB634,2C4RDGBG3HR702056,R7631849233,563bkt,2009.984955,DODGE,SPORTS VAN,4/20/2022
LB636,4UZADSFD8LCMG4484W,R32510898371,427xtl,2009.914864,FREIGHTLINER,CAB-CHASSIS,4/20/2022
LB637,4UZADSFD8LCMG4414W,R32510898311,427xql,2009.844772,FREIGHTLINER,CAB-CHASSIS,4/20/2022
LB640,4UZADSFD8LCMG4444W,R32510898312,427xtl,2009.774681,FREIGHTLINER,CAB-CHASSIS,4/20/2022
LB644,4UZADSFD8LCMG4324W,R32510898313,427xtl,2009.704589,FREIGHTLINER,CAB-CHASSIS,4/20/2022
LB654,4UZADSFD8LCMG4321W,R32510898342,427xsl,2009.634497,FREIGHTLINER,CAB-CHASSIS,4/20/2022
LB671,4UZADSFD1LCMG4486W,R27062122672,063hye,2009.564406,FREIGHTLINER,CAB-CHASSIS,4/20/2022
LB673,4UZADSFD1LCMG4481W,R27062122673,063hxe,2009.494314,FREIGHTLINER,CAB-CHASSIS,4/20/2022
LB674,4UZADSFD1LCMG4483W,R27062122621,064hxe,2009.424223,FREIGHTLINER,CAB-CHASSIS,4/20/2022
LB682,4UZADSFD1LCMG4451W,R27062122629,064gse,2009.354131,FREIGHTLINER,CAB-CHASSIS,4/20/2022
LB685,4UZADSFD1LCMG4422W,R27062122641,065sse,2009.28404,FREIGHTLINER,CAB-CHASSIS,4/20/2022
LB686,4UZADSFD1LCMG4425W,R27062122441,015sfe,2009.213948,FREIGHTLINER,CAB-CHASSIS,4/20/2022
LB688,1FDGF5GY0JEB44069W,R35783308641,223eah,2009.143857,FORD,SINGLE CAB-CHASSIS,4/20/2022
LB689,1GB0G2BA0E1192748,R44721287804,008pbe,2009.073765,CHEVROLET,CUTAWAY,4/20/2022
LB691,1GB0G2BA0E1192745,R44721287804,008pbe,2009.003673,CHEVROLET,CUTAWAY,4/20/2022
LB700,1GB0G2BA0E1192715,R44721287803,038pce,2008.933582,CHEVROLET,CUTAWAY,4/20/2022
LB705,1GB0G2BA0E1192716,R44721287802,018pde,2008.86349,CHEVROLET,CUTAWAY,4/20/2022
LB716,1GB0G2BA0E1192717,R44721287801,108pfe,2008.793399,CHEVROLET,CUTAWAY,4/20/2022
LB727,1GB0G2BA0E1192718,R44721287806,018pae,2008.723307,CHEVROLET,CUTAWAY,4/20/2022
LB728,1GB3G2BG7F1231337,R62234174185,194bcb,2008.653216,FORD,SINGLE CAB-CHASSIS,4/20/2022
LB731,1GB3G2BG7F1231127,R62234174145,194bab,2008.583124,FORD,SINGLE CAB-CHASSIS,4/20/2022
LB734,1GB3G2BG7F1231137,R62234174155,194bbb,2008.513032,FORD,SINGLE CAB-CHASSIS,4/20/2022
LB741,1GB3G2BG7F1231147,R62234174165,194bdb,2008.442941,FORD,SINGLE CAB-CHASSIS,4/20/2022
LB742,1FDXE4FS5EDB00018,R76190067638,263xgx,2008.372849,FORD,CAB-CHASSIS,4/20/2022
LB743,1FDXE4FS5EDB00028,R76190067634,263xax,2008.302758,FORD,CAB-CHASSIS,4/20/2022
LB747,1FDXE4FS6GDC09469,R78833928790,543ulh,2008.232666,FORD,CAB-CHASSIS,4/20/2022
LB753,2C4RDGBG0HR798421,R76669601293,689qep,2008.162575,DODGE,SPORTS VAN,4/20/2022
LB760,2C4RDGBG0HR798421,R76669605293,688qep,2008.092483,DODGE,SPORTS VAN,4/20/2022
LB765,2C4RDGBG0HR798422,R76669605283,687qep,2008.022391,DODGE,SPORTS VAN,4/20/2022
LB768,2C4RDGBG0HR798423,R76669605273,686qep,2007.9523,DODGE,SPORTS VAN,4/20/2022
LB775,2C4RDGBG0HR798424,R76669605263,685qep,2007.882208,DODGE,SPORTS VAN,4/20/2022
LB780,2C4RDGBG0HR798425,R76669605253,684qep,2007.812117,DODGE,SPORTS VAN,4/20/2022
LB799,2C4RDGBG0HR798426,R76669605243,683qep,2007.742025,DODGE,SPORTS VAN,4/20/2022
LB804,2C4RDGBG0HR798427,R76669605233,682qep,2007.671934,DODGE,SPORTS VAN,4/20/2022
LB806,2C4RDGBG0HR798428,R76669605223,681qep,2007.601842,DODGE,SPORTS VAN,4/20/2022
LB808,2C4RDGBG0HR798429,R76669605213,680qep,2007.531751,DODGE,SPORTS VAN,4/20/2022
LB809,2C4RDGBG3HR869899,R5738037246,173dcj,2007.461659,DODGE,SPORTS VAN,4/20/2022
LB810,2C4RDGBG3HR869899,R5738037245,174dcj,2007.391567,DODGE,SPORTS VAN,4/20/2022
LB811,2C4RDGBG3HR869898,R5738037244,175dcj,2007.321476,DODGE,SPORTS VAN,4/20/2022
LB812,2C4RDGBG3HR869897,R5738037243,176dcj,2007.251384,DODGE,SPORTS VAN,4/20/2022
LB814,2C4RDGBG0HR798427,R9925874874,578wdg,2007.181293,DODGE,SPORTS VAN,4/20/2022
LB816,2C4RDGBG0HR798428,R9925874873,577wdg,2007.111201,DODGE,SPORTS VAN,4/20/2022
LB824,2C4RDGBG3HR702057,R7631849233,563bkt,2007.04111,DODGE,SPORTS VAN,4/20/2022
LB834,4UZADSFD8LCMG4484W,R32510898371,427xtl,2006.971018,FREIGHTLINER,CAB-CHASSIS,4/20/2022
LB844,4UZADSFD8LCMG4414W,R32510898311,427xql,2006.900926,FREIGHTLINER,CAB-CHASSIS,4/20/2022
LB847,4UZADSFD8LCMG4444W,R32510898312,427xtl,2006.830835,FREIGHTLINER,CAB-CHASSIS,4/20/2022
LB848,4UZADSFD8LCMG4324W,R32510898313,427xtl,2006.760743,FREIGHTLINER,CAB-CHASSIS,4/20/2022
LB849,4UZADSFD8LCMG4321W,R32510898342,427xsl,2006.690652,FREIGHTLINER,CAB-CHASSIS,4/20/2022
LB854,4UZADSFD1LCMG4486W,R27062122672,063hye,2006.62056,FREIGHTLINER,CAB-CHASSIS,4/20/2022
LB864,4UZADSFD1LCMG4481W,R27062122673,063hxe,2006.550469,FREIGHTLINER,CAB-CHASSIS,4/20/2022
LB865,4UZADSFD1LCMG4483W,R27062122621,064hxe,2006.480377,FREIGHTLINER,CAB-CHASSIS,4/20/2022
LB867,4UZADSFD1LCMG4451W,R27062122629,064gse,2006.410285,FREIGHTLINER,CAB-CHASSIS,4/20/2022
LB876,4UZADSFD1LCMG4422W,R27062122641,065sse,2006.340194,FREIGHTLINER,CAB-CHASSIS,4/20/2022
LB883,4UZADSFD1LCMG4425W,R27062122441,015sfe,2006.270102,FREIGHTLINER,CAB-CHASSIS,4/20/2022
LB887,1FDGF5GY0JEB44069W,R35783308641,223eah,2006.200011,FORD,SINGLE CAB-CHASSIS,4/20/2022
LB890,1GB0G2BA0E1192748,R44721287804,008pbe,2006.129919,CHEVROLET,CUTAWAY,4/20/2022
LB892,1GB0G2BA0E1192745,R44721287804,008pbe,2006.059828,CHEVROLET,CUTAWAY,4/20/2022
LB899,1GB0G2BA0E1192715,R44721287803,038pce,2005.989736,CHEVROLET,CUTAWAY,4/20/2022
LB905,1GB0G2BA0E1192716,R44721287802,018pde,2005.919645,CHEVROLET,CUTAWAY,4/20/2022
LB908,1GB0G2BA0E1192717,R44721287801,108pfe,2005.849553,CHEVROLET,CUTAWAY,4/20/2022
LB915,1GB0G2BA0E1192718,R44721287806,018pae,2005.779461,CHEVROLET,CUTAWAY,4/20/2022
LB918,1GB3G2BG7F1231337,R62234174185,194bcb,2005.70937,FORD,SINGLE CAB-CHASSIS,4/20/2022
LB919,1GB3G2BG7F1231127,R62234174145,194bab,2005.639278,FORD,SINGLE CAB-CHASSIS,4/20/2022
LB921,1GB3G2BG7F1231137,R62234174155,194bbb,2005.569187,FORD,SINGLE CAB-CHASSIS,4/20/2022
LB922,1GB3G2BG7F1231147,R62234174165,194bdb,2005.499095,FORD,SINGLE CAB-CHASSIS,4/20/2022
LB928,1FDXE4FS5EDB00038,R76190067638,263xgx,2005.429004,FORD,CAB-CHASSIS,4/20/2022
LB931,1FDXE4FS5EDB00048,R76190067634,263xax,2005.358912,FORD,CAB-CHASSIS,4/20/2022
LB934,1FDXE4FS6GDC09470,R78833928790,543ulh,2005.28882,FORD,CAB-CHASSIS,4/20/2022
LB937,2C4RDGBG0HR798421,R76669601293,689qep,2005.218729,DODGE,SPORTS VAN,4/20/2022
LB939,2C4RDGBG0HR798421,R76669605293,688qep,2005.148637,DODGE,SPORTS VAN,4/20/2022
LB944,2C4RDGBG0HR798422,R76669605283,687qep,2005.078546,DODGE,SPORTS VAN,4/20/2022
LB950,2C4RDGBG0HR798423,R76669605273,686qep,2005.008454,DODGE,SPORTS VAN,4/20/2022
LB951,2C4RDGBG0HR798424,R76669605263,685qep,2004.938363,DODGE,SPORTS VAN,4/20/2022
LB969,2C4RDGBG0HR798425,R76669605253,684qep,2004.868271,DODGE,SPORTS VAN,4/20/2022
LB970,2C4RDGBG0HR798426,R76669605243,683qep,2004.79818,DODGE,SPORTS VAN,4/20/2022
LB972,2C4RDGBG0HR798427,R76669605233,682qep,2004.728088,DODGE,SPORTS VAN,4/20/2022
LB979,2C4RDGBG0HR798428,R76669605223,681qep,2004.657996,DODGE,SPORTS VAN,4/20/2022
LB981,2C4RDGBG0HR798429,R76669605213,680qep,2004.587905,DODGE,SPORTS VAN,4/20/2022
LB983,2C4RDGBG3HR869899,R5738037246,173dcj,2004.517813,DODGE,SPORTS VAN,4/20/2022
LB994,2C4RDGBG3HR869899,R5738037245,174dcj,2004.447722,DODGE,SPORTS VAN,4/20/2022
LB996,2C4RDGBG3HR869898,R5738037244,175dcj,2004.37763,DODGE,SPORTS VAN,4/20/2022
MB100,2C4RDGBG3HR869897,R5738037243,176dcj,2004.307539,DODGE,SPORTS VAN,4/20/2022
MB101,2C4RDGBG0HR798429,R9925874874,578wdg,2004.237447,DODGE,SPORTS VAN,4/20/2022
MB105,2C4RDGBG0HR798430,R9925874873,577wdg,2004.167355,DODGE,SPORTS VAN,4/20/2022
MB108,2C4RDGBG3HR702058,R7631849233,563bkt,2004.097264,DODGE,SPORTS VAN,4/20/2022
MB109,4UZADSFD8LCMG4484W,R32510898371,427xtl,2004.027172,FREIGHTLINER,CAB-CHASSIS,4/20/2022
MB112,4UZADSFD8LCMG4414W,R32510898311,427xql,2003.957081,FREIGHTLINER,CAB-CHASSIS,4/20/2022
MB116,4UZADSFD8LCMG4444W,R32510898312,427xtl,2003.886989,FREIGHTLINER,CAB-CHASSIS,4/20/2022
MB124,4UZADSFD8LCMG4324W,R32510898313,427xtl,2003.816898,FREIGHTLINER,CAB-CHASSIS,4/20/2022
MB134,4UZADSFD8LCMG4321W,R32510898342,427xsl,2003.746806,FREIGHTLINER,CAB-CHASSIS,4/20/2022
MB135,4UZADSFD1LCMG4486W,R27062122672,063hye,2003.676714,FREIGHTLINER,CAB-CHASSIS,4/20/2022
MB139,4UZADSFD1LCMG4481W,R27062122673,063hxe,2003.606623,FREIGHTLINER,CAB-CHASSIS,4/20/2022
MB144,4UZADSFD1LCMG4483W,R27062122621,064hxe,2003.536531,FREIGHTLINER,CAB-CHASSIS,4/20/2022
MB147,4UZADSFD1LCMG4451W,R27062122629,064gse,2003.46644,FREIGHTLINER,CAB-CHASSIS,4/20/2022
MB148,4UZADSFD1LCMG4422W,R27062122641,065sse,2003.396348,FREIGHTLINER,CAB-CHASSIS,4/20/2022
MB151,4UZADSFD1LCMG4425W,R27062122441,015sfe,2003.326257,FREIGHTLINER,CAB-CHASSIS,4/20/2022
MB158,1FDGF5GY0JEB44069W,R35783308641,223eah,2003.256165,FORD,SINGLE CAB-CHASSIS,4/20/2022
MB162,1GB0G2BA0E1192748,R44721287804,008pbe,2003.186074,CHEVROLET,CUTAWAY,4/20/2022
MB167,1GB0G2BA0E1192745,R44721287804,008pbe,2003.115982,CHEVROLET,CUTAWAY,4/20/2022
MB174,1GB0G2BA0E1192715,R44721287803,038pce,2003.04589,CHEVROLET,CUTAWAY,4/20/2022
MB180,1GB0G2BA0E1192716,R44721287802,018pde,2002.975799,CHEVROLET,CUTAWAY,4/20/2022
MB184,1GB0G2BA0E1192717,R44721287801,108pfe,2002.905707,CHEVROLET,CUTAWAY,4/20/2022
MB185,1GB0G2BA0E1192718,R44721287806,018pae,2002.835616,CHEVROLET,CUTAWAY,4/20/2022
MB186,1GB3G2BG7F1231337,R62234174185,194bcb,2002.765524,FORD,SINGLE CAB-CHASSIS,4/20/2022
MB188,1GB3G2BG7F1231127,R62234174145,194bab,2002.695433,FORD,SINGLE CAB-CHASSIS,4/20/2022
MB191,1GB3G2BG7F1231137,R62234174155,194bbb,2002.625341,FORD,SINGLE CAB-CHASSIS,4/20/2022
MB200,1GB3G2BG7F1231147,R62234174165,194bdb,2002.555249,FORD,SINGLE CAB-CHASSIS,4/20/2022
MB202,1FDXE4FS5EDB00058,R76190067638,263xgx,2002.485158,FORD,CAB-CHASSIS,4/20/2022
MB207,1FDXE4FS5EDB00068,R76190067634,263xax,2002.415066,FORD,CAB-CHASSIS,4/20/2022
MB209,1FDXE4FS6GDC09471,R78833928790,543ulh,2002.344975,FORD,CAB-CHASSIS,4/20/2022
MB210,2C4RDGBG0HR798421,R76669601293,689qep,2002.274883,DODGE,SPORTS VAN,4/20/2022
MB220,2C4RDGBG0HR798421,R76669605293,688qep,2002.204792,DODGE,SPORTS VAN,4/20/2022
MB225,2C4RDGBG0HR798422,R76669605283,687qep,2002.1347,DODGE,SPORTS VAN,4/20/2022
MB231,2C4RDGBG0HR798423,R76669605273,686qep,2002.064608,DODGE,SPORTS VAN,4/20/2022
MB234,2C4RDGBG0HR798424,R76669605263,685qep,2001.994517,DODGE,SPORTS VAN,4/20/2022
MB236,2C4RDGBG0HR798425,R76669605253,684qep,2001.924425,DODGE,SPORTS VAN,4/20/2022
MB239,2C4RDGBG0HR798426,R76669605243,683qep,2001.854334,DODGE,SPORTS VAN,4/20/2022
MB246,2C4RDGBG0HR798427,R76669605233,682qep,2001.784242,DODGE,SPORTS VAN,4/20/2022
MB251,2C4RDGBG0HR798428,R76669605223,681qep,2001.714151,DODGE,SPORTS VAN,4/20/2022
MB255,2C4RDGBG0HR798429,R76669605213,680qep,2001.644059,DODGE,SPORTS VAN,4/20/2022
MB266,2C4RDGBG3HR869899,R5738037246,173dcj,2001.573968,DODGE,SPORTS VAN,4/20/2022
MB285,2C4RDGBG3HR869899,R5738037245,174dcj,2001.503876,DODGE,SPORTS VAN,4/20/2022
MB296,2C4RDGBG3HR869898,R5738037244,175dcj,2001.433784,DODGE,SPORTS VAN,4/20/2022
MB300,2C4RDGBG3HR869897,R5738037243,176dcj,2001.363693,DODGE,SPORTS VAN,4/20/2022
MB301,2C4RDGBG0HR798431,R9925874874,578wdg,2001.293601,DODGE,SPORTS VAN,4/20/2022
MB302,2C4RDGBG0HR798432,R9925874873,577wdg,2001.22351,DODGE,SPORTS VAN,4/20/2022
MB305,2C4RDGBG3HR702059,R7631849233,563bkt,2001.153418,DODGE,SPORTS VAN,4/20/2022
MB306,4UZADSFD8LCMG4484W,R32510898371,427xtl,2001.083327,FREIGHTLINER,CAB-CHASSIS,4/20/2022
MB308,4UZADSFD8LCMG4414W,R32510898311,427xql,2001.013235,FREIGHTLINER,CAB-CHASSIS,4/20/2022
MB309,4UZADSFD8LCMG4444W,R32510898312,427xtl,2000.943143,FREIGHTLINER,CAB-CHASSIS,4/20/2022
MB310,4UZADSFD8LCMG4324W,R32510898313,427xtl,2000.873052,FREIGHTLINER,CAB-CHASSIS,4/20/2022
MB313,4UZADSFD8LCMG4321W,R32510898342,427xsl,2000.80296,FREIGHTLINER,CAB-CHASSIS,4/20/2022
MB318,4UZADSFD1LCMG4486W,R27062122672,063hye,2000.732869,FREIGHTLINER,CAB-CHASSIS,4/20/2022
MB319,4UZADSFD1LCMG4481W,R27062122673,063hxe,2000.662777,FREIGHTLINER,CAB-CHASSIS,4/20/2022
MB330,4UZADSFD1LCMG4483W,R27062122621,064hxe,2000.592686,FREIGHTLINER,CAB-CHASSIS,4/20/2022
MB331,4UZADSFD1LCMG4451W,R27062122629,064gse,2000.522594,FREIGHTLINER,CAB-CHASSIS,4/20/2022
MB334,4UZADSFD1LCMG4422W,R27062122641,065sse,2000.452502,FREIGHTLINER,CAB-CHASSIS,4/20/2022
MB335,4UZADSFD1LCMG4425W,R27062122441,015sfe,2000.382411,FREIGHTLINER,CAB-CHASSIS,4/20/2022
MB340,1FDGF5GY0JEB44069W,R35783308641,223eah,2000.312319,FORD,SINGLE CAB-CHASSIS,4/20/2022
MB342,1GB0G2BA0E1192748,R44721287804,008pbe,2000.242228,CHEVROLET,CUTAWAY,4/20/2022
MB347,1GB0G2BA0E1192745,R44721287804,008pbe,2000.172136,CHEVROLET,CUTAWAY,4/20/2022
MB352,1GB0G2BA0E1192715,R44721287803,038pce,2000.102045,CHEVROLET,CUTAWAY,4/20/2022
MB353,1GB0G2BA0E1192716,R44721287802,018pde,2000.031953,CHEVROLET,CUTAWAY,4/20/2022
MB356,1GB0G2BA0E1192717,R44721287801,108pfe,1999.961862,CHEVROLET,CUTAWAY,4/20/2022
MB364,1GB0G2BA0E1192718,R44721287806,018pae,1999.89177,CHEVROLET,CUTAWAY,4/20/2022
MB366,1GB3G2BG7F1231337,R62234174185,194bcb,1999.821678,FORD,SINGLE CAB-CHASSIS,4/20/2022
MB369,1GB3G2BG7F1231127,R62234174145,194bab,1999.751587,FORD,SINGLE CAB-CHASSIS,4/20/2022
MB373,1GB3G2BG7F1231137,R62234174155,194bbb,1999.681495,FORD,SINGLE CAB-CHASSIS,4/20/2022
MB374,1GB3G2BG7F1231147,R62234174165,194bdb,1999.611404,FORD,SINGLE CAB-CHASSIS,4/20/2022
MB375,1FDXE4FS5EDB00078,R76190067638,263xgx,1999.541312,FORD,CAB-CHASSIS,4/20/2022
MB379,1FDXE4FS5EDB00088,R76190067634,263xax,1999.471221,FORD,CAB-CHASSIS,4/20/2022
MB385,1FDXE4FS6GDC09472,R78833928790,543ulh,1999.401129,FORD,CAB-CHASSIS,4/20/2022
MB391,2C4RDGBG0HR798421,R76669601293,689qep,1999.331037,DODGE,SPORTS VAN,4/20/2022
MB393,2C4RDGBG0HR798421,R76669605293,688qep,1999.260946,DODGE,SPORTS VAN,4/20/2022
MB395,2C4RDGBG0HR798422,R76669605283,687qep,1999.190854,DODGE,SPORTS VAN,4/20/2022
MB402,2C4RDGBG0HR798423,R76669605273,686qep,1999.120763,DODGE,SPORTS VAN,4/20/2022
MB404,2C4RDGBG0HR798424,R76669605263,685qep,1999.050671,DODGE,SPORTS VAN,4/20/2022
MB408,2C4RDGBG0HR798425,R76669605253,684qep,1998.98058,DODGE,SPORTS VAN,4/20/2022
MB409,2C4RDGBG0HR798426,R76669605243,683qep,1998.910488,DODGE,SPORTS VAN,4/20/2022
MB410,2C4RDGBG0HR798427,R76669605233,682qep,1998.840397,DODGE,SPORTS VAN,4/20/2022
MB416,2C4RDGBG0HR798428,R76669605223,681qep,1998.770305,DODGE,SPORTS VAN,4/20/2022
MB429,2C4RDGBG0HR798429,R76669605213,680qep,1998.700213,DODGE,SPORTS VAN,4/20/2022
MB430,2C4RDGBG3HR869899,R5738037246,173dcj,1998.630122,DODGE,SPORTS VAN,4/20/2022
MB434,2C4RDGBG3HR869899,R5738037245,174dcj,1998.56003,DODGE,SPORTS VAN,4/20/2022
MB441,2C4RDGBG3HR869898,R5738037244,175dcj,1998.489939,DODGE,SPORTS VAN,4/20/2022
MB444,2C4RDGBG3HR869897,R5738037243,176dcj,1998.419847,DODGE,SPORTS VAN,4/20/2022
MB445,2C4RDGBG0HR798433,R9925874874,578wdg,1998.349756,DODGE,SPORTS VAN,4/20/2022
MB446,2C4RDGBG0HR798434,R9925874873,577wdg,1998.279664,DODGE,SPORTS VAN,4/20/2022
MB449,2C4RDGBG3HR702060,R7631849233,563bkt,1998.209572,DODGE,SPORTS VAN,4/20/2022
MB459,4UZADSFD8LCMG4484W,R32510898371,427xtl,1998.139481,FREIGHTLINER,CAB-CHASSIS,4/20/2022
MB460,4UZADSFD8LCMG4414W,R32510898311,427xql,1998.069389,FREIGHTLINER,CAB-CHASSIS,4/20/2022
MB462,4UZADSFD8LCMG4444W,R32510898312,427xtl,1997.999298,FREIGHTLINER,CAB-CHASSIS,4/20/2022
MB465,4UZADSFD8LCMG4324W,R32510898313,427xtl,1997.929206,FREIGHTLINER,CAB-CHASSIS,4/20/2022
MB466,4UZADSFD8LCMG4321W,R32510898342,427xsl,1997.859115,FREIGHTLINER,CAB-CHASSIS,4/20/2022
MB468,4UZADSFD1LCMG4486W,R27062122672,063hye,1997.789023,FREIGHTLINER,CAB-CHASSIS,4/20/2022
MB471,4UZADSFD1LCMG4481W,R27062122673,063hxe,1997.718931,FREIGHTLINER,CAB-CHASSIS,4/20/2022
MB478,4UZADSFD1LCMG4483W,R27062122621,064hxe,1997.64884,FREIGHTLINER,CAB-CHASSIS,4/20/2022
MB482,4UZADSFD1LCMG4451W,R27062122629,064gse,1997.578748,FREIGHTLINER,CAB-CHASSIS,4/20/2022
MB483,4UZADSFD1LCMG4422W,R27062122641,065sse,1997.508657,FREIGHTLINER,CAB-CHASSIS,4/20/2022
MB484,4UZADSFD1LCMG4425W,R27062122441,015sfe,1997.438565,FREIGHTLINER,CAB-CHASSIS,4/20/2022
MB486,1FDGF5GY0JEB44069W,R35783308641,223eah,1997.368474,FORD,SINGLE CAB-CHASSIS,4/20/2022
MB490,1GB0G2BA0E1192748,R44721287804,008pbe,1997.298382,CHEVROLET,CUTAWAY,4/20/2022
MB495,1GB0G2BA0E1192745,R44721287804,008pbe,1997.228291,CHEVROLET,CUTAWAY,4/20/2022
MB504,1GB0G2BA0E1192715,R44721287803,038pce,1997.158199,CHEVROLET,CUTAWAY,4/20/2022
MB513,1GB0G2BA0E1192716,R44721287802,018pde,1997.088107,CHEVROLET,CUTAWAY,4/20/2022
MB525,1GB0G2BA0E1192717,R44721287801,108pfe,1997.018016,CHEVROLET,CUTAWAY,4/20/2022
MB529,1GB0G2BA0E1192718,R44721287806,018pae,1996.947924,CHEVROLET,CUTAWAY,4/20/2022
MB531,1GB3G2BG7F1231337,R62234174185,194bcb,1996.877833,FORD,SINGLE CAB-CHASSIS,4/20/2022
MB532,1GB3G2BG7F1231127,R62234174145,194bab,1996.807741,FORD,SINGLE CAB-CHASSIS,4/20/2022
MB538,1GB3G2BG7F1231137,R62234174155,194bbb,1996.73765,FORD,SINGLE CAB-CHASSIS,4/20/2022
MB541,1GB3G2BG7F1231147,R62234174165,194bdb,1996.667558,FORD,SINGLE CAB-CHASSIS,4/20/2022
MB546,1FDXE4FS5EDB00098,R76190067638,263xgx,1996.597466,FORD,CAB-CHASSIS,4/20/2022
MB548,1FDXE4FS5EDB00108,R76190067634,263xax,1996.527375,FORD,CAB-CHASSIS,4/20/2022
MB551,1FDXE4FS6GDC09473,R78833928790,543ulh,1996.457283,FORD,CAB-CHASSIS,4/20/2022
MB552,2C4RDGBG0HR798421,R76669601293,689qep,1996.387192,DODGE,SPORTS VAN,4/20/2022
MB554,2C4RDGBG0HR798421,R76669605293,688qep,1996.3171,DODGE,SPORTS VAN,4/20/2022
MB556,2C4RDGBG0HR798422,R76669605283,687qep,1996.247009,DODGE,SPORTS VAN,4/20/2022
MB565,2C4RDGBG0HR798423,R76669605273,686qep,1996.176917,DODGE,SPORTS VAN,4/20/2022
MB568,2C4RDGBG0HR798424,R76669605263,685qep,1996.106825,DODGE,SPORTS VAN,4/20/2022
MB570,2C4RDGBG0HR798425,R76669605253,684qep,1996.036734,DODGE,SPORTS VAN,4/20/2022
MB582,2C4RDGBG0HR798426,R76669605243,683qep,1995.966642,DODGE,SPORTS VAN,4/20/2022
MB586,2C4RDGBG0HR798427,R76669605233,682qep,1995.896551,DODGE,SPORTS VAN,4/20/2022
MB589,2C4RDGBG0HR798428,R76669605223,681qep,1995.826459,DODGE,SPORTS VAN,4/20/2022
MB597,2C4RDGBG0HR798429,R76669605213,680qep,1995.756368,DODGE,SPORTS VAN,4/20/2022
MB601,2C4RDGBG3HR869899,R5738037246,173dcj,1995.686276,DODGE,SPORTS VAN,4/20/2022
MB604,2C4RDGBG3HR869899,R5738037245,174dcj,1995.616185,DODGE,SPORTS VAN,4/20/2022
MB613,2C4RDGBG3HR869898,R5738037244,175dcj,1995.546093,DODGE,SPORTS VAN,4/20/2022
MB617,2C4RDGBG3HR869897,R5738037243,176dcj,1995.476001,DODGE,SPORTS VAN,4/20/2022
MB619,2C4RDGBG0HR798435,R9925874874,578wdg,1995.40591,DODGE,SPORTS VAN,4/20/2022
MB621,2C4RDGBG0HR798436,R9925874873,577wdg,1995.335818,DODGE,SPORTS VAN,4/20/2022
MB626,2C4RDGBG3HR702061,R7631849233,563bkt,1995.265727,DODGE,SPORTS VAN,4/20/2022
MB631,4UZADSFD8LCMG4484W,R32510898371,427xtl,1995.195635,FREIGHTLINER,CAB-CHASSIS,4/20/2022
MB642,4UZADSFD8LCMG4414W,R32510898311,427xql,1995.125544,FREIGHTLINER,CAB-CHASSIS,4/20/2022
MB643,4UZADSFD8LCMG4444W,R32510898312,427xtl,1995.055452,FREIGHTLINER,CAB-CHASSIS,4/20/2022
MB647,4UZADSFD8LCMG4324W,R32510898313,427xtl,1994.98536,FREIGHTLINER,CAB-CHASSIS,4/20/2022
MB648,4UZADSFD8LCMG4321W,R32510898342,427xsl,1994.915269,FREIGHTLINER,CAB-CHASSIS,4/20/2022
MB659,4UZADSFD1LCMG4486W,R27062122672,063hye,1994.845177,FREIGHTLINER,CAB-CHASSIS,4/20/2022
MB660,4UZADSFD1LCMG4481W,R27062122673,063hxe,1994.775086,FREIGHTLINER,CAB-CHASSIS,4/20/2022
MB665,4UZADSFD1LCMG4483W,R27062122621,064hxe,1994.704994,FREIGHTLINER,CAB-CHASSIS,4/20/2022
MB675,4UZADSFD1LCMG4451W,R27062122629,064gse,1994.634903,FREIGHTLINER,CAB-CHASSIS,4/20/2022
MB676,4UZADSFD1LCMG4422W,R27062122641,065sse,1994.564811,FREIGHTLINER,CAB-CHASSIS,4/20/2022
MB678,4UZADSFD1LCMG4425W,R27062122441,015sfe,1994.494719,FREIGHTLINER,CAB-CHASSIS,4/20/2022
MB684,1FDGF5GY0JEB44069W,R35783308641,223eah,1994.424628,FORD,SINGLE CAB-CHASSIS,4/20/2022
MB692,1GB0G2BA0E1192748,R44721287804,008pbe,1994.354536,CHEVROLET,CUTAWAY,4/20/2022
MB694,1GB0G2BA0E1192745,R44721287804,008pbe,1994.284445,CHEVROLET,CUTAWAY,4/20/2022
MB695,1GB0G2BA0E1192715,R44721287803,038pce,1994.214353,CHEVROLET,CUTAWAY,4/20/2022
MB701,1GB0G2BA0E1192716,R44721287802,018pde,1994.144262,CHEVROLET,CUTAWAY,4/20/2022
MB704,1GB0G2BA0E1192717,R44721287801,108pfe,1994.07417,CHEVROLET,CUTAWAY,4/20/2022
MB708,1GB0G2BA0E1192718,R44721287806,018pae,1994.004079,CHEVROLET,CUTAWAY,4/20/2022
MB714,1GB3G2BG7F1231337,R62234174185,194bcb,1993.933987,FORD,SINGLE CAB-CHASSIS,4/20/2022
MB715,1GB3G2BG7F1231127,R62234174145,194bab,1993.863895,FORD,SINGLE CAB-CHASSIS,4/20/2022
MB717,1GB3G2BG7F1231137,R62234174155,194bbb,1993.793804,FORD,SINGLE CAB-CHASSIS,4/20/2022
MB719,1GB3G2BG7F1231147,R62234174165,194bdb,1993.723712,FORD,SINGLE CAB-CHASSIS,4/20/2022
MB722,1FDXE4FS5EDB00118,R76190067638,263xgx,1993.653621,FORD,CAB-CHASSIS,4/20/2022
MB724,1FDXE4FS5EDB00128,R76190067634,263xax,1993.583529,FORD,CAB-CHASSIS,4/20/2022
MB730,1FDXE4FS6GDC09474,R78833928790,543ulh,1993.513438,FORD,CAB-CHASSIS,4/20/2022
MB735,2C4RDGBG0HR798421,R76669601293,689qep,1993.443346,DODGE,SPORTS VAN,4/20/2022
MB736,2C4RDGBG0HR798421,R76669605293,688qep,1993.373254,DODGE,SPORTS VAN,4/20/2022
MB740,2C4RDGBG0HR798422,R76669605283,687qep,1993.303163,DODGE,SPORTS VAN,4/20/2022
MB744,2C4RDGBG0HR798423,R76669605273,686qep,1993.233071,DODGE,SPORTS VAN,4/20/2022
MB746,2C4RDGBG0HR798424,R76669605263,685qep,1993.16298,DODGE,SPORTS VAN,4/20/2022
MB748,2C4RDGBG0HR798425,R76669605253,684qep,1993.092888,DODGE,SPORTS VAN,4/20/2022
MB752,2C4RDGBG0HR798426,R76669605243,683qep,1993.022797,DODGE,SPORTS VAN,4/20/2022
MB754,2C4RDGBG0HR798427,R76669605233,682qep,1992.952705,DODGE,SPORTS VAN,4/20/2022
MB755,2C4RDGBG0HR798428,R76669605223,681qep,1992.882614,DODGE,SPORTS VAN,4/20/2022
MB757,2C4RDGBG0HR798429,R76669605213,680qep,1992.812522,DODGE,SPORTS VAN,4/20/2022
MB758,2C4RDGBG3HR869899,R5738037246,173dcj,1992.74243,DODGE,SPORTS VAN,4/20/2022
MB761,2C4RDGBG3HR869899,R5738037245,174dcj,1992.672339,DODGE,SPORTS VAN,4/20/2022
MB763,2C4RDGBG3HR869898,R5738037244,175dcj,1992.602247,DODGE,SPORTS VAN,4/20/2022
MB766,2C4RDGBG3HR869897,R5738037243,176dcj,1992.532156,DODGE,SPORTS VAN,4/20/2022
MB767,2C4RDGBG0HR798437,R9925874874,578wdg,1992.462064,DODGE,SPORTS VAN,4/20/2022
MB773,2C4RDGBG0HR798438,R9925874873,577wdg,1992.391973,DODGE,SPORTS VAN,4/20/2022
MB774,2C4RDGBG3HR702062,R7631849233,563bkt,1992.321881,DODGE,SPORTS VAN,4/20/2022
MB781,4UZADSFD8LCMG4484W,R32510898371,427xtl,1992.251789,FREIGHTLINER,CAB-CHASSIS,4/20/2022
MB783,4UZADSFD8LCMG4414W,R32510898311,427xql,1992.181698,FREIGHTLINER,CAB-CHASSIS,4/20/2022
MB784,4UZADSFD8LCMG4444W,R32510898312,427xtl,1992.111606,FREIGHTLINER,CAB-CHASSIS,4/20/2022
MB787,4UZADSFD8LCMG4324W,R32510898313,427xtl,1992.041515,FREIGHTLINER,CAB-CHASSIS,4/20/2022
MB788,4UZADSFD8LCMG4321W,R32510898342,427xsl,1991.971423,FREIGHTLINER,CAB-CHASSIS,4/20/2022
MB794,4UZADSFD1LCMG4486W,R27062122672,063hye,1991.901332,FREIGHTLINER,CAB-CHASSIS,4/20/2022
MB795,4UZADSFD1LCMG4481W,R27062122673,063hxe,1991.83124,FREIGHTLINER,CAB-CHASSIS,4/20/2022
MB798,4UZADSFD1LCMG4483W,R27062122621,064hxe,1991.761148,FREIGHTLINER,CAB-CHASSIS,4/20/2022
MB800,4UZADSFD1LCMG4451W,R27062122629,064gse,1991.691057,FREIGHTLINER,CAB-CHASSIS,4/20/2022
MB805,4UZADSFD1LCMG4422W,R27062122641,065sse,1991.620965,FREIGHTLINER,CAB-CHASSIS,4/20/2022
MB807,4UZADSFD1LCMG4425W,R27062122441,015sfe,1991.550874,FREIGHTLINER,CAB-CHASSIS,4/20/2022
MB815,1FDGF5GY0JEB44069W,R35783308641,223eah,1991.480782,FORD,SINGLE CAB-CHASSIS,4/20/2022
MB819,1GB0G2BA0E1192748,R44721287804,008pbe,1991.410691,CHEVROLET,CUTAWAY,4/20/2022
MB822,1GB0G2BA0E1192745,R44721287804,008pbe,1991.340599,CHEVROLET,CUTAWAY,4/20/2022
MB823,1GB0G2BA0E1192715,R44721287803,038pce,1991.270508,CHEVROLET,CUTAWAY,4/20/2022
MB827,1GB0G2BA0E1192716,R44721287802,018pde,1991.200416,CHEVROLET,CUTAWAY,4/20/2022
MB832,1GB0G2BA0E1192717,R44721287801,108pfe,1991.130324,CHEVROLET,CUTAWAY,4/20/2022
MB836,1GB0G2BA0E1192718,R44721287806,018pae,1991.060233,CHEVROLET,CUTAWAY,4/20/2022
MB837,1GB3G2BG7F1231337,R62234174185,194bcb,1990.990141,FORD,SINGLE CAB-CHASSIS,4/20/2022
MB840,1GB3G2BG7F1231127,R62234174145,194bab,1990.92005,FORD,SINGLE CAB-CHASSIS,4/20/2022
MB842,1GB3G2BG7F1231137,R62234174155,194bbb,1990.849958,FORD,SINGLE CAB-CHASSIS,4/20/2022
MB843,1GB3G2BG7F1231147,R62234174165,194bdb,1990.779867,FORD,SINGLE CAB-CHASSIS,4/20/2022
MB846,1FDXE4FS5EDB00138,R76190067638,263xgx,1990.709775,FORD,CAB-CHASSIS,4/20/2022
MB851,1FDXE4FS5EDB00148,R76190067634,263xax,1990.639683,FORD,CAB-CHASSIS,4/20/2022
MB852,1FDXE4FS6GDC09475,R78833928790,543ulh,1990.569592,FORD,CAB-CHASSIS,4/20/2022
MB858,2C4RDGBG0HR798421,R76669601293,689qep,1990.4995,DODGE,SPORTS VAN,4/20/2022
MB859,2C4RDGBG0HR798421,R76669605293,688qep,1990.429409,DODGE,SPORTS VAN,4/20/2022
MB860,2C4RDGBG0HR798422,R76669605283,687qep,1990.359317,DODGE,SPORTS VAN,4/20/2022
MB862,2C4RDGBG0HR798423,R76669605273,686qep,1990.289226,DODGE,SPORTS VAN,4/20/2022
MB863,2C4RDGBG0HR798424,R76669605263,685qep,1990.219134,DODGE,SPORTS VAN,4/20/2022
MB866,2C4RDGBG0HR798425,R76669605253,684qep,1990.149042,DODGE,SPORTS VAN,4/20/2022
MB869,2C4RDGBG0HR798426,R76669605243,683qep,1990.078951,DODGE,SPORTS VAN,4/20/2022
MB870,2C4RDGBG0HR798427,R76669605233,682qep,1990.008859,DODGE,SPORTS VAN,4/20/2022
MB871,2C4RDGBG0HR798428,R76669605223,681qep,1989.938768,DODGE,SPORTS VAN,4/20/2022
MB872,2C4RDGBG0HR798429,R76669605213,680qep,1989.868676,DODGE,SPORTS VAN,4/20/2022
MB873,2C4RDGBG3HR869899,R5738037246,173dcj,1989.798585,DODGE,SPORTS VAN,4/20/2022
MB874,2C4RDGBG3HR869899,R5738037245,174dcj,1989.728493,DODGE,SPORTS VAN,4/20/2022
MB881,2C4RDGBG3HR869898,R5738037244,175dcj,1989.658402,DODGE,SPORTS VAN,4/20/2022
MB884,2C4RDGBG3HR869897,R5738037243,176dcj,1989.58831,DODGE,SPORTS VAN,4/20/2022
MB885,2C4RDGBG0HR798439,R9925874874,578wdg,1989.518218,DODGE,SPORTS VAN,4/20/2022
MB888,2C4RDGBG0HR798440,R9925874873,577wdg,1989.448127,DODGE,SPORTS VAN,4/20/2022
MB893,2C4RDGBG3HR702063,R7631849233,563bkt,1989.378035,DODGE,SPORTS VAN,4/20/2022
MB894,4UZADSFD8LCMG4484W,R32510898371,427xtl,1989.307944,FREIGHTLINER,CAB-CHASSIS,4/20/2022
MB901,4UZADSFD8LCMG4414W,R32510898311,427xql,1989.237852,FREIGHTLINER,CAB-CHASSIS,4/20/2022
MB906,4UZADSFD8LCMG4444W,R32510898312,427xtl,1989.167761,FREIGHTLINER,CAB-CHASSIS,4/20/2022
MB909,4UZADSFD8LCMG4324W,R32510898313,427xtl,1989.097669,FREIGHTLINER,CAB-CHASSIS,4/20/2022
MB912,4UZADSFD8LCMG4321W,R32510898342,427xsl,1989.027577,FREIGHTLINER,CAB-CHASSIS,4/20/2022
MB913,4UZADSFD1LCMG4486W,R27062122672,063hye,1988.957486,FREIGHTLINER,CAB-CHASSIS,4/20/2022
MB920,4UZADSFD1LCMG4481W,R27062122673,063hxe,1988.887394,FREIGHTLINER,CAB-CHASSIS,4/20/2022
MB925,4UZADSFD1LCMG4483W,R27062122621,064hxe,1988.817303,FREIGHTLINER,CAB-CHASSIS,4/20/2022
MB932,4UZADSFD1LCMG4451W,R27062122629,064gse,1988.747211,FREIGHTLINER,CAB-CHASSIS,4/20/2022
MB933,4UZADSFD1LCMG4422W,R27062122641,065sse,1988.67712,FREIGHTLINER,CAB-CHASSIS,4/20/2022
MB938,4UZADSFD1LCMG4425W,R27062122441,015sfe,1988.607028,FREIGHTLINER,CAB-CHASSIS,4/20/2022
MB940,1FDGF5GY0JEB44069W,R35783308641,223eah,1988.536936,FORD,SINGLE CAB-CHASSIS,4/20/2022
MB942,1GB0G2BA0E1192748,R44721287804,008pbe,1988.466845,CHEVROLET,CUTAWAY,4/20/2022
MB948,1GB0G2BA0E1192745,R44721287804,008pbe,1988.396753,CHEVROLET,CUTAWAY,4/20/2022
MB952,1GB0G2BA0E1192715,R44721287803,038pce,1988.326662,CHEVROLET,CUTAWAY,4/20/2022
MB955,1GB0G2BA0E1192716,R44721287802,018pde,1988.25657,CHEVROLET,CUTAWAY,4/20/2022
MB956,1GB0G2BA0E1192717,R44721287801,108pfe,1988.186479,CHEVROLET,CUTAWAY,4/20/2022
MB957,1GB0G2BA0E1192718,R44721287806,018pae,1988.116387,CHEVROLET,CUTAWAY,4/20/2022
MB964,1GB3G2BG7F1231337,R62234174185,194bcb,1988.046296,FORD,SINGLE CAB-CHASSIS,4/20/2022
MB967,1GB3G2BG7F1231127,R62234174145,194bab,1987.976204,FORD,SINGLE CAB-CHASSIS,4/20/2022
MB974,1GB3G2BG7F1231137,R62234174155,194bbb,1987.906112,FORD,SINGLE CAB-CHASSIS,4/20/2022
MB975,1GB3G2BG7F1231147,R62234174165,194bdb,1987.836021,FORD,SINGLE CAB-CHASSIS,4/20/2022
MB977,1FDXE4FS5EDB00158,R76190067638,263xgx,1987.765929,FORD,CAB-CHASSIS,4/20/2022
MB978,1FDXE4FS5EDB00168,R76190067634,263xax,1987.695838,FORD,CAB-CHASSIS,4/20/2022
MB990,1FDXE4FS6GDC09476,R78833928790,543ulh,1987.625746,FORD,CAB-CHASSIS,4/20/2022
MV103,2C4RDGBG0HR798421,R76669601293,689qep,1987.555655,DODGE,SPORTS VAN,4/20/2022
MV106,2C4RDGBG0HR798421,R76669605293,688qep,1987.485563,DODGE,SPORTS VAN,4/20/2022
MV110,2C4RDGBG0HR798422,R76669605283,687qep,1987.415471,DODGE,SPORTS VAN,4/20/2022
MV117,2C4RDGBG0HR798423,R76669605273,686qep,1987.34538,DODGE,SPORTS VAN,4/20/2022
MV118,2C4RDGBG0HR798424,R76669605263,685qep,1987.275288,DODGE,SPORTS VAN,4/20/2022
MV119,2C4RDGBG0HR798425,R76669605253,684qep,1987.205197,DODGE,SPORTS VAN,4/20/2022
MV122,2C4RDGBG0HR798426,R76669605243,683qep,1987.135105,DODGE,SPORTS VAN,4/20/2022
MV125,2C4RDGBG0HR798427,R76669605233,682qep,1987.065014,DODGE,SPORTS VAN,4/20/2022
MV129,2C4RDGBG0HR798428,R76669605223,681qep,1986.994922,DODGE,SPORTS VAN,4/20/2022
MV133,2C4RDGBG0HR798429,R76669605213,680qep,1986.924831,DODGE,SPORTS VAN,4/20/2022
MV136,2C4RDGBG3HR869899,R5738037246,173dcj,1986.854739,DODGE,SPORTS VAN,4/20/2022
MV150,2C4RDGBG3HR869899,R5738037245,174dcj,1986.784647,DODGE,SPORTS VAN,4/20/2022
MV156,2C4RDGBG3HR869898,R5738037244,175dcj,1986.714556,DODGE,SPORTS VAN,4/20/2022
MV169,2C4RDGBG3HR869897,R5738037243,176dcj,1986.644464,DODGE,SPORTS VAN,4/20/2022
MV170,2C4RDGBG0HR798441,R9925874874,578wdg,1986.574373,DODGE,SPORTS VAN,4/20/2022
MV172,2C4RDGBG0HR798442,R9925874873,577wdg,1986.504281,DODGE,SPORTS VAN,4/20/2022
MV173,2C4RDGBG3HR702064,R7631849233,563bkt,1986.43419,DODGE,SPORTS VAN,4/20/2022
MV179,4UZADSFD8LCMG4484W,R32510898371,427xtl,1986.364098,FREIGHTLINER,CAB-CHASSIS,4/20/2022
MV181,4UZADSFD8LCMG4414W,R32510898311,427xql,1986.294006,FREIGHTLINER,CAB-CHASSIS,4/20/2022
MV190,4UZADSFD8LCMG4444W,R32510898312,427xtl,1986.223915,FREIGHTLINER,CAB-CHASSIS,4/20/2022
MV197,4UZADSFD8LCMG4324W,R32510898313,427xtl,1986.153823,FREIGHTLINER,CAB-CHASSIS,4/20/2022
MV198,4UZADSFD8LCMG4321W,R32510898342,427xsl,1986.083732,FREIGHTLINER,CAB-CHASSIS,4/20/2022
MV203,4UZADSFD1LCMG4486W,R27062122672,063hye,1986.01364,FREIGHTLINER,CAB-CHASSIS,4/20/2022
MV205,4UZADSFD1LCMG4481W,R27062122673,063hxe,1985.943549,FREIGHTLINER,CAB-CHASSIS,4/20/2022
MV212,4UZADSFD1LCMG4483W,R27062122621,064hxe,1985.873457,FREIGHTLINER,CAB-CHASSIS,4/20/2022
MV215,4UZADSFD1LCMG4451W,R27062122629,064gse,1985.803365,FREIGHTLINER,CAB-CHASSIS,4/20/2022
MV218,4UZADSFD1LCMG4422W,R27062122641,065sse,1985.733274,FREIGHTLINER,CAB-CHASSIS,4/20/2022
MV222,4UZADSFD1LCMG4425W,R27062122441,015sfe,1985.663182,FREIGHTLINER,CAB-CHASSIS,4/20/2022
MV223,1FDGF5GY0JEB44069W,R35783308641,223eah,1985.593091,FORD,SINGLE CAB-CHASSIS,4/20/2022
MV226,1GB0G2BA0E1192748,R44721287804,008pbe,1985.522999,CHEVROLET,CUTAWAY,4/20/2022
MV228,1GB0G2BA0E1192745,R44721287804,008pbe,1985.452908,CHEVROLET,CUTAWAY,4/20/2022
MV237,1GB0G2BA0E1192715,R44721287803,038pce,1985.382816,CHEVROLET,CUTAWAY,4/20/2022
MV241,1GB0G2BA0E1192716,R44721287802,018pde,1985.312725,CHEVROLET,CUTAWAY,4/20/2022
MV247,1GB0G2BA0E1192717,R44721287801,108pfe,1985.242633,CHEVROLET,CUTAWAY,4/20/2022
MV248,1GB0G2BA0E1192718,R44721287806,018pae,1985.172541,CHEVROLET,CUTAWAY,4/20/2022
MV250,1GB3G2BG7F1231337,R62234174185,194bcb,1985.10245,FORD,SINGLE CAB-CHASSIS,4/20/2022
MV254,1GB3G2BG7F1231127,R62234174145,194bab,1985.032358,FORD,SINGLE CAB-CHASSIS,4/20/2022
MV259,1GB3G2BG7F1231137,R62234174155,194bbb,1984.962267,FORD,SINGLE CAB-CHASSIS,4/20/2022
MV260,1GB3G2BG7F1231147,R62234174165,194bdb,1984.892175,FORD,SINGLE CAB-CHASSIS,4/20/2022
MV261,1FDXE4FS5EDB00178,R76190067638,263xgx,1984.822084,FORD,CAB-CHASSIS,4/20/2022
MV263,1FDXE4FS5EDB00188,R76190067634,263xax,1984.751992,FORD,CAB-CHASSIS,4/20/2022
MV269,1FDXE4FS6GDC09477,R78833928790,543ulh,1984.6819,FORD,CAB-CHASSIS,4/20/2022
MV270,2C4RDGBG0HR798421,R76669601293,689qep,1984.611809,DODGE,SPORTS VAN,4/20/2022
MV275,2C4RDGBG0HR798421,R76669605293,688qep,1984.541717,DODGE,SPORTS VAN,4/20/2022
MV277,2C4RDGBG0HR798422,R76669605283,687qep,1984.471626,DODGE,SPORTS VAN,4/20/2022
MV279,2C4RDGBG0HR798423,R76669605273,686qep,1984.401534,DODGE,SPORTS VAN,4/20/2022
MV288,2C4RDGBG0HR798424,R76669605263,685qep,1984.331443,DODGE,SPORTS VAN,4/20/2022
MV289,2C4RDGBG0HR798425,R76669605253,684qep,1984.261351,DODGE,SPORTS VAN,4/20/2022
MV291,2C4RDGBG0HR798426,R76669605243,683qep,1984.191259,DODGE,SPORTS VAN,4/20/2022
MV297,2C4RDGBG0HR798427,R76669605233,682qep,1984.121168,DODGE,SPORTS VAN,4/20/2022
MV298,2C4RDGBG0HR798428,R76669605223,681qep,1984.051076,DODGE,SPORTS VAN,4/20/2022
MV304,2C4RDGBG0HR798429,R76669605213,680qep,1983.980985,DODGE,SPORTS VAN,4/20/2022
MV317,2C4RDGBG3HR869899,R5738037246,173dcj,1983.910893,DODGE,SPORTS VAN,4/20/2022
MV321,2C4RDGBG3HR869899,R5738037245,174dcj,1983.840802,DODGE,SPORTS VAN,4/20/2022
MV322,2C4RDGBG3HR869898,R5738037244,175dcj,1983.77071,DODGE,SPORTS VAN,4/20/2022
MV323,2C4RDGBG3HR869897,R5738037243,176dcj,1983.700619,DODGE,SPORTS VAN,4/20/2022
MV326,2C4RDGBG0HR798443,R9925874874,578wdg,1983.630527,DODGE,SPORTS VAN,4/20/2022
MV332,2C4RDGBG0HR798444,R9925874873,577wdg,1983.560435,DODGE,SPORTS VAN,4/20/2022
MV333,2C4RDGBG3HR702065,R7631849233,563bkt,1983.490344,DODGE,SPORTS VAN,4/20/2022
MV343,4UZADSFD8LCMG4484W,R32510898371,427xtl,1983.420252,FREIGHTLINER,CAB-CHASSIS,4/20/2022
MV350,4UZADSFD8LCMG4414W,R32510898311,427xql,1983.350161,FREIGHTLINER,CAB-CHASSIS,4/20/2022
MV351,4UZADSFD8LCMG4444W,R32510898312,427xtl,1983.280069,FREIGHTLINER,CAB-CHASSIS,4/20/2022
MV354,4UZADSFD8LCMG4324W,R32510898313,427xtl,1983.209978,FREIGHTLINER,CAB-CHASSIS,4/20/2022
MV357,4UZADSFD8LCMG4321W,R32510898342,427xsl,1983.139886,FREIGHTLINER,CAB-CHASSIS,4/20/2022
MV358,4UZADSFD1LCMG4486W,R27062122672,063hye,1983.069794,FREIGHTLINER,CAB-CHASSIS,4/20/2022
MV360,4UZADSFD1LCMG4481W,R27062122673,063hxe,1982.999703,FREIGHTLINER,CAB-CHASSIS,4/20/2022
MV362,4UZADSFD1LCMG4483W,R27062122621,064hxe,1982.929611,FREIGHTLINER,CAB-CHASSIS,4/20/2022
MV365,4UZADSFD1LCMG4451W,R27062122629,064gse,1982.85952,FREIGHTLINER,CAB-CHASSIS,4/20/2022
MV370,4UZADSFD1LCMG4422W,R27062122641,065sse,1982.789428,FREIGHTLINER,CAB-CHASSIS,4/20/2022
MV372,4UZADSFD1LCMG4425W,R27062122441,015sfe,1982.719337,FREIGHTLINER,CAB-CHASSIS,4/20/2022
MV377,1FDGF5GY0JEB44069W,R35783308641,223eah,1982.649245,FORD,SINGLE CAB-CHASSIS,4/20/2022
MV381,1GB0G2BA0E1192748,R44721287804,008pbe,1982.579153,CHEVROLET,CUTAWAY,4/20/2022
MV382,1GB0G2BA0E1192745,R44721287804,008pbe,1982.509062,CHEVROLET,CUTAWAY,4/20/2022
MV400,1GB0G2BA0E1192715,R44721287803,038pce,1982.43897,CHEVROLET,CUTAWAY,4/20/2022
MV401,1GB0G2BA0E1192716,R44721287802,018pde,1982.368879,CHEVROLET,CUTAWAY,4/20/2022
MV411,1GB0G2BA0E1192717,R44721287801,108pfe,1982.298787,CHEVROLET,CUTAWAY,4/20/2022
MV417,1GB0G2BA0E1192718,R44721287806,018pae,1982.228696,CHEVROLET,CUTAWAY,4/20/2022
MV422,1GB3G2BG7F1231337,R62234174185,194bcb,1982.158604,FORD,SINGLE CAB-CHASSIS,4/20/2022
MV427,1GB3G2BG7F1231127,R62234174145,194bab,1982.088513,FORD,SINGLE CAB-CHASSIS,4/20/2022
MV433,1GB3G2BG7F1231137,R62234174155,194bbb,1982.018421,FORD,SINGLE CAB-CHASSIS,4/20/2022
MV437,1GB3G2BG7F1231147,R62234174165,194bdb,1981.948329,FORD,SINGLE CAB-CHASSIS,4/20/2022
MV439,1FDXE4FS5EDB00198,R76190067638,263xgx,1981.878238,FORD,CAB-CHASSIS,4/20/2022
MV440,1FDXE4FS5EDB00208,R76190067634,263xax,1981.808146,FORD,CAB-CHASSIS,4/20/2022
MV442,1FDXE4FS6GDC09478,R78833928790,543ulh,1981.738055,FORD,CAB-CHASSIS,4/20/2022
MV451,2C4RDGBG0HR798421,R76669601293,689qep,1981.667963,DODGE,SPORTS VAN,4/20/2022
MV454,2C4RDGBG0HR798421,R76669605293,688qep,1981.597872,DODGE,SPORTS VAN,4/20/2022
MV474,2C4RDGBG0HR798422,R76669605283,687qep,1981.52778,DODGE,SPORTS VAN,4/20/2022
MV479,2C4RDGBG0HR798423,R76669605273,686qep,1981.457688,DODGE,SPORTS VAN,4/20/2022
MV489,2C4RDGBG0HR798424,R76669605263,685qep,1981.387597,DODGE,SPORTS VAN,4/20/2022
MV492,2C4RDGBG0HR798425,R76669605253,684qep,1981.317505,DODGE,SPORTS VAN,4/20/2022
MV494,2C4RDGBG0HR798426,R76669605243,683qep,1981.247414,DODGE,SPORTS VAN,4/20/2022
MV496,2C4RDGBG0HR798427,R76669605233,682qep,1981.177322,DODGE,SPORTS VAN,4/20/2022
MV498,2C4RDGBG0HR798428,R76669605223,681qep,1981.107231,DODGE,SPORTS VAN,4/20/2022
MV499,2C4RDGBG0HR798429,R76669605213,680qep,1981.037139,DODGE,SPORTS VAN,4/20/2022
MV506,2C4RDGBG3HR869899,R5738037246,173dcj,1980.967048,DODGE,SPORTS VAN,4/20/2022
MV515,2C4RDGBG3HR869899,R5738037245,174dcj,1980.896956,DODGE,SPORTS VAN,4/20/2022
MV517,2C4RDGBG3HR869898,R5738037244,175dcj,1980.826864,DODGE,SPORTS VAN,4/20/2022
MV522,2C4RDGBG3HR869897,R5738037243,176dcj,1980.756773,DODGE,SPORTS VAN,4/20/2022
MV524,2C4RDGBG0HR798445,R9925874874,578wdg,1980.686681,DODGE,SPORTS VAN,4/20/2022
MV537,2C4RDGBG0HR798446,R9925874873,577wdg,1980.61659,DODGE,SPORTS VAN,4/20/2022
MV547,2C4RDGBG3HR702066,R7631849233,563bkt,1980.546498,DODGE,SPORTS VAN,4/20/2022
MV557,4UZADSFD8LCMG4484W,R32510898371,427xtl,1980.476407,FREIGHTLINER,CAB-CHASSIS,4/20/2022
MV561,4UZADSFD8LCMG4414W,R32510898311,427xql,1980.406315,FREIGHTLINER,CAB-CHASSIS,4/20/2022
MV563,4UZADSFD8LCMG4444W,R32510898312,427xtl,1980.336223,FREIGHTLINER,CAB-CHASSIS,4/20/2022
MV569,4UZADSFD8LCMG4324W,R32510898313,427xtl,1980.266132,FREIGHTLINER,CAB-CHASSIS,4/20/2022
MV572,4UZADSFD8LCMG4321W,R32510898342,427xsl,1980.19604,FREIGHTLINER,CAB-CHASSIS,4/20/2022
MV577,4UZADSFD1LCMG4486W,R27062122672,063hye,1980.125949,FREIGHTLINER,CAB-CHASSIS,4/20/2022
MV578,4UZADSFD1LCMG4481W,R27062122673,063hxe,1980.055857,FREIGHTLINER,CAB-CHASSIS,4/20/2022
MV579,4UZADSFD1LCMG4483W,R27062122621,064hxe,1979.985766,FREIGHTLINER,CAB-CHASSIS,4/20/2022
MV580,4UZADSFD1LCMG4451W,R27062122629,064gse,1979.915674,FREIGHTLINER,CAB-CHASSIS,4/20/2022
MV581,4UZADSFD1LCMG4422W,R27062122641,065sse,1979.845582,FREIGHTLINER,CAB-CHASSIS,4/20/2022
MV585,4UZADSFD1LCMG4425W,R27062122441,015sfe,1979.775491,FREIGHTLINER,CAB-CHASSIS,4/20/2022
MV590,1FDGF5GY0JEB44069W,R35783308641,223eah,1979.705399,FORD,SINGLE CAB-CHASSIS,4/20/2022
MV591,1GB0G2BA0E1192748,R44721287804,008pbe,1979.635308,CHEVROLET,CUTAWAY,4/20/2022
MV606,1GB0G2BA0E1192745,R44721287804,008pbe,1979.565216,CHEVROLET,CUTAWAY,4/20/2022
MV612,1GB0G2BA0E1192715,R44721287803,038pce,1979.495125,CHEVROLET,CUTAWAY,4/20/2022
MV615,1GB0G2BA0E1192716,R44721287802,018pde,1979.425033,CHEVROLET,CUTAWAY,4/20/2022
MV620,1GB0G2BA0E1192717,R44721287801,108pfe,1979.354942,CHEVROLET,CUTAWAY,4/20/2022
MV624,1GB0G2BA0E1192718,R44721287806,018pae,1979.28485,CHEVROLET,CUTAWAY,4/20/2022
MV625,1GB3G2BG7F1231337,R62234174185,194bcb,1979.214758,FORD,SINGLE CAB-CHASSIS,4/20/2022
MV633,1GB3G2BG7F1231127,R62234174145,194bab,1979.144667,FORD,SINGLE CAB-CHASSIS,4/20/2022
MV641,1GB3G2BG7F1231137,R62234174155,194bbb,1979.074575,FORD,SINGLE CAB-CHASSIS,4/20/2022
MV645,1GB3G2BG7F1231147,R62234174165,194bdb,1979.004484,FORD,SINGLE CAB-CHASSIS,4/20/2022
MV646,1FDXE4FS5EDB00218,R76190067638,263xgx,1978.934392,FORD,CAB-CHASSIS,4/20/2022
MV649,1FDXE4FS5EDB00228,R76190067634,263xax,1978.864301,FORD,CAB-CHASSIS,4/20/2022
MV650,1FDXE4FS6GDC09479,R78833928790,543ulh,1978.794209,FORD,CAB-CHASSIS,4/20/2022
MV657,2C4RDGBG0HR798421,R76669601293,689qep,1978.724117,DODGE,SPORTS VAN,4/20/2022
MV658,2C4RDGBG0HR798421,R76669605293,688qep,1978.654026,DODGE,SPORTS VAN,4/20/2022
MV663,2C4RDGBG0HR798422,R76669605283,687qep,1978.583934,DODGE,SPORTS VAN,4/20/2022
MV667,2C4RDGBG0HR798423,R76669605273,686qep,1978.513843,DODGE,SPORTS VAN,4/20/2022
MV668,2C4RDGBG0HR798424,R76669605263,685qep,1978.443751,DODGE,SPORTS VAN,4/20/2022
MV669,2C4RDGBG0HR798425,R76669605253,684qep,1978.37366,DODGE,SPORTS VAN,4/20/2022
MV670,2C4RDGBG0HR798426,R76669605243,683qep,1978.303568,DODGE,SPORTS VAN,4/20/2022
MV677,2C4RDGBG0HR798427,R76669605233,682qep,1978.233476,DODGE,SPORTS VAN,4/20/2022
MV679,2C4RDGBG0HR798428,R76669605223,681qep,1978.163385,DODGE,SPORTS VAN,4/20/2022
MV687,2C4RDGBG0HR798429,R76669605213,680qep,1978.093293,DODGE,SPORTS VAN,4/20/2022
MV696,2C4RDGBG3HR869899,R5738037246,173dcj,1978.023202,DODGE,SPORTS VAN,4/20/2022
MV698,2C4RDGBG3HR869899,R5738037245,174dcj,1977.95311,DODGE,SPORTS VAN,4/20/2022
MV699,2C4RDGBG3HR869898,R5738037244,175dcj,1977.883019,DODGE,SPORTS VAN,4/20/2022
MV706,2C4RDGBG3HR869897,R5738037243,176dcj,1977.812927,DODGE,SPORTS VAN,4/20/2022
MV709,2C4RDGBG0HR798447,R9925874874,578wdg,1977.742836,DODGE,SPORTS VAN,4/20/2022
MV718,2C4RDGBG0HR798448,R9925874873,577wdg,1977.672744,DODGE,SPORTS VAN,4/20/2022
MV720,2C4RDGBG3HR702067,R7631849233,563bkt,1977.602652,DODGE,SPORTS VAN,4/20/2022
MV723,4UZADSFD8LCMG4484W,R32510898371,427xtl,1977.532561,FREIGHTLINER,CAB-CHASSIS,4/20/2022
MV729,4UZADSFD8LCMG4414W,R32510898311,427xql,1977.462469,FREIGHTLINER,CAB-CHASSIS,4/20/2022
MV732,4UZADSFD8LCMG4444W,R32510898312,427xtl,1977.392378,FREIGHTLINER,CAB-CHASSIS,4/20/2022
MV738,4UZADSFD8LCMG4324W,R32510898313,427xtl,1977.322286,FREIGHTLINER,CAB-CHASSIS,4/20/2022
MV749,4UZADSFD8LCMG4321W,R32510898342,427xsl,1977.252195,FREIGHTLINER,CAB-CHASSIS,4/20/2022
MV751,4UZADSFD1LCMG4486W,R27062122672,063hye,1977.182103,FREIGHTLINER,CAB-CHASSIS,4/20/2022
MV756,4UZADSFD1LCMG4481W,R27062122673,063hxe,1977.112011,FREIGHTLINER,CAB-CHASSIS,4/20/2022
MV762,4UZADSFD1LCMG4483W,R27062122621,064hxe,1977.04192,FREIGHTLINER,CAB-CHASSIS,4/20/2022
MV764,4UZADSFD1LCMG4451W,R27062122629,064gse,1976.971828,FREIGHTLINER,CAB-CHASSIS,4/20/2022
MV769,4UZADSFD1LCMG4422W,R27062122641,065sse,1976.901737,FREIGHTLINER,CAB-CHASSIS,4/20/2022
MV772,4UZADSFD1LCMG4425W,R27062122441,015sfe,1976.831645,FREIGHTLINER,CAB-CHASSIS,4/20/2022
MV776,1FDGF5GY0JEB44069W,R35783308641,223eah,1976.761554,FORD,SINGLE CAB-CHASSIS,4/20/2022
MV777,1GB0G2BA0E1192748,R44721287804,008pbe,1976.691462,CHEVROLET,CUTAWAY,4/20/2022
MV778,1GB0G2BA0E1192745,R44721287804,008pbe,1976.62137,CHEVROLET,CUTAWAY,4/20/2022
MV785,1GB0G2BA0E1192715,R44721287803,038pce,1976.551279,CHEVROLET,CUTAWAY,4/20/2022
MV789,1GB0G2BA0E1192716,R44721287802,018pde,1976.481187,CHEVROLET,CUTAWAY,4/20/2022
MV801,1GB0G2BA0E1192717,R44721287801,108pfe,1976.411096,CHEVROLET,CUTAWAY,4/20/2022
MV802,1GB0G2BA0E1192718,R44721287806,018pae,1976.341004,CHEVROLET,CUTAWAY,4/20/2022
MV803,1GB3G2BG7F1231337,R62234174185,194bcb,1976.270913,FORD,SINGLE CAB-CHASSIS,4/20/2022
MV817,1GB3G2BG7F1231127,R62234174145,194bab,1976.200821,FORD,SINGLE CAB-CHASSIS,4/20/2022
MV818,1GB3G2BG7F1231137,R62234174155,194bbb,1976.13073,FORD,SINGLE CAB-CHASSIS,4/20/2022
MV821,1GB3G2BG7F1231147,R62234174165,194bdb,1976.060638,FORD,SINGLE CAB-CHASSIS,4/20/2022
MV829,1FDXE4FS5EDB00238,R76190067638,263xgx,1975.990546,FORD,CAB-CHASSIS,4/20/2022
MV830,1FDXE4FS5EDB00248,R76190067634,263xax,1975.920455,FORD,CAB-CHASSIS,4/20/2022
MV831,1FDXE4FS6GDC09480,R78833928790,543ulh,1975.850363,FORD,CAB-CHASSIS,4/20/2022
MV838,2C4RDGBG0HR798421,R76669601293,689qep,1975.780272,DODGE,SPORTS VAN,4/20/2022
MV845,2C4RDGBG0HR798421,R76669605293,688qep,1975.71018,DODGE,SPORTS VAN,4/20/2022
MV861,2C4RDGBG0HR798422,R76669605283,687qep,1975.640089,DODGE,SPORTS VAN,4/20/2022
MV875,2C4RDGBG0HR798423,R76669605273,686qep,1975.569997,DODGE,SPORTS VAN,4/20/2022
MV880,2C4RDGBG0HR798424,R76669605263,685qep,1975.499905,DODGE,SPORTS VAN,4/20/2022
MV882,2C4RDGBG0HR798425,R76669605253,684qep,1975.429814,DODGE,SPORTS VAN,4/20/2022
MV886,2C4RDGBG0HR798426,R76669605243,683qep,1975.359722,DODGE,SPORTS VAN,4/20/2022
MV900,2C4RDGBG0HR798427,R76669605233,682qep,1975.289631,DODGE,SPORTS VAN,4/20/2022
MV917,2C4RDGBG0HR798428,R76669605223,681qep,1975.219539,DODGE,SPORTS VAN,4/20/2022
MV924,2C4RDGBG0HR798429,R76669605213,680qep,1975.149448,DODGE,SPORTS VAN,4/20/2022
MV930,2C4RDGBG3HR869899,R5738037246,173dcj,1975.079356,DODGE,SPORTS VAN,4/20/2022
MV941,2C4RDGBG3HR869899,R5738037245,174dcj,1975.009265,DODGE,SPORTS VAN,4/20/2022
MV945,2C4RDGBG3HR869898,R5738037244,175dcj,1974.939173,DODGE,SPORTS VAN,4/20/2022
MV949,2C4RDGBG3HR869897,R5738037243,176dcj,1974.869081,DODGE,SPORTS VAN,4/20/2022
MV953,2C4RDGBG0HR798449,R9925874874,578wdg,1974.79899,DODGE,SPORTS VAN,4/20/2022
MV954,2C4RDGBG0HR798450,R9925874873,577wdg,1974.728898,DODGE,SPORTS VAN,4/20/2022
MV958,2C4RDGBG3HR702068,R7631849233,563bkt,1974.658807,DODGE,SPORTS VAN,4/20/2022
MV963,4UZADSFD8LCMG4484W,R32510898371,427xtl,1974.588715,FREIGHTLINER,CAB-CHASSIS,4/20/2022
MV971,4UZADSFD8LCMG4414W,R32510898311,427xql,1974.518624,FREIGHTLINER,CAB-CHASSIS,4/20/2022
MV973,4UZADSFD8LCMG4444W,R32510898312,427xtl,1974.448532,FREIGHTLINER,CAB-CHASSIS,4/20/2022
MV984,4UZADSFD8LCMG4324W,R32510898313,427xtl,1974.37844,FREIGHTLINER,CAB-CHASSIS,4/20/2022
MV985,4UZADSFD8LCMG4321W,R32510898342,427xsl,1974.308349,FREIGHTLINER,CAB-CHASSIS,4/20/2022
MV987,4UZADSFD1LCMG4486W,R27062122672,063hye,1974.238257,FREIGHTLINER,CAB-CHASSIS,4/20/2022
MV991,4UZADSFD1LCMG4481W,R27062122673,063hxe,1974.168166,FREIGHTLINER,CAB-CHASSIS,4/20/2022
MV992,4UZADSFD1LCMG4483W,R27062122621,064hxe,1974.098074,FREIGHTLINER,CAB-CHASSIS,4/20/2022
MV995,4UZADSFD1LCMG4451W,R27062122629,064gse,1974.027983,FREIGHTLINER,CAB-CHASSIS,4/20/2022
MV997,4UZADSFD1LCMG4422W,R27062122641,065sse,1973.957891,FREIGHTLINER,CAB-CHASSIS,4/20/2022
